,costo_rutas,costo_inventario,costo_SO
n10_estandar_n,0.04151613923299246,0.05275766109267015,7.050199969847101e-05
n10_estandar_c,0.04167351231085299,0.05282281929917208,4.8308447260559086e-05
n10_estandar_o,0.038436312048771196,0.052443572604932126,8.740896018122609e-06
