,costo_rutas,costo_inventario,costo_SO
n10_estandar_n,0.028011872260014444,0.03976627083219741,0.008170157736939224
n10_estandar_c,0.027603445403484174,0.03944363786762683,0.008632551005147265
n10_estandar_o,0.030899316150850193,0.04191336897772399,0.003974541852943022
