,costo_rutas,costo_inventario,costo_SO
n10_estandar_n,0.03937485075926397,0.040371294831994496,0.00514952229720444
n10_estandar_c,0.04254705403401862,0.04653841214373741,0.0005746491956121247
n10_estandar_o,0.03837434348171025,0.042579844814215596,0.001931081173124798
