,costo_rutas,costo_inventario,costo_SO
n10_estandar_n,0.040784094833159736,0.0353502868495801,0.016936194395087235
n10_estandar_c,0.04698133020045138,0.03870466276688641,0.013736847343009012
n10_estandar_o,0.041522101160441645,0.036834438848598,0.016866159009444014
