,costo_rutas,costo_inventario,costo_SO
n10_estandar_o,0.04570332662514122,0.05864424666078836,0.0
